First Name,Last Name,Email,Job Title,Seniorities,Departments,Company Name,Company Domain,Country,LinkedIn URL
Sergio,Arencibia Febles,,Director comercial & Marketing,C-Level,Marketing and Advertising; Management,Revenue International,revenueinternational.com,es,https://www.linkedin.com/in/sergioarencibiafebles
Maxime,Dautresme,,Founder and Creative Director,Founder; Director,Founder/Owner; Marketing and Advertising,Substance,aworkofsubstance.com,cn,https://www.linkedin.com/in/maxime-dautresme-76837a6
Phillip,Winter,,Chief Marketing Officer,C-Level,Management; Marketing and Advertising,Hotels And Hostels Holding Ag,aohostels.com,de,https://www.linkedin.com/in/winter-phillip
Ola,Thord Olsson,,Creative & Co-Founder,Founder,Founder/Owner; Marketing and Advertising,√Ñventyret,aventyret.com,se,https://www.linkedin.com/in/olaolsson1
SATISH,SRIVASTAVA,,Dy. CMO ( City Maintenance Organization),C-Level,Management; Marketing and Advertising,"Aamby Valley City, Sahara India Flagship Project",aambyvalley.com,in,https://www.linkedin.com/in/satish-srivastava-48256a68
Rodrigo,Mart√≠nez,,Co-Founder & Marketing Director,Founder; Director,Founder/Owner; Marketing and Advertising,Acantilados,acantilados.sv,es,https://www.linkedin.com/in/rodrigoamartinez
Terrie,O'Hanlon,,Senior Vice President and Chief Marketing Officer,C-Level; VP,Management; Marketing and Advertising,"Agilysys, Inc.",agilysys.com,us,https://www.linkedin.com/in/terrieohanlon
Clare,Cartwright,,Chief Marketing Officer,C-Level,Management; Marketing and Advertising,Airelles,airelles.com,fr,https://www.linkedin.com/in/clare-cartwright-6793a936
Laure,Evrard,,Chief Marketing Officer,C-Level,Management; Marketing and Advertising,Airelles,airelles.com,fr,https://www.linkedin.com/in/laureevrard
Lance,George,,Chief Marketing Officer,C-Level,Management; Marketing and Advertising,Al J. Schneider Company,ajshotels.com,us,https://www.linkedin.com/in/lance-george-67008422
Elana,Friedman,,Chief Marketing and Strategy Officer,C-Level,Management; Marketing and Advertising,Aka Hotels+hotel Residences,stayaka.com,us,https://www.linkedin.com/in/elanafriedman
HASAN,MERMER,,Entertainment Chief,C-Level,Management; Marketing and Advertising,Akka Hotels,akkahotels.com,tr,https://www.linkedin.com/in/hasan-mermer-33604a87
Razvan,Lates,,Chief Commercial & Marketing Officer,C-Level,Management; Marketing and Advertising,Aletto Hotels,aletto.com,de,https://www.linkedin.com/in/razvanlates
I√±igo,Contreras Gurruchaga,,CMO,C-Level,Management; Marketing and Advertising,L√≠bere,staylibere.com,es,https://www.linkedin.com/in/contrerasinigo
Thomas,Payr,,Gesch√§ftsf√ºhrer / CMO,C-Level,Management; Marketing and Advertising,Alps Resorts,alps-resorts.com,at,https://www.linkedin.com/in/thomas-payr-336927a0
KATE,BOYD,,Chief Marketing Officer,C-Level,Management; Marketing and Advertising,Angama Mara,angama.com,za,https://www.linkedin.com/in/kate-boyd-5184532b
Isaac,Vidal S√°nchez,,Chief Sales Marketing Officer,C-Level,Management; Sales; Marketing and Advertising,Ar Hotels &a; Resorts,ar-hotels.com,es,https://www.linkedin.com/in/isaacvidal
Michele,Willis Smith,,Chief Marketing & Sales Officer,C-Level,Sales; Management; Marketing and Advertising,Ventana Canyon Club And Lodge,thelodgeatventanacanyon.com,us,https://www.linkedin.com/in/michelewillissmith
Amy,Beilharz,,Chief Marketing Officer,C-Level,Management; Marketing and Advertising,Artistree Hospitality Group,artistreehospitality.com,us,https://www.linkedin.com/in/amybeilharz
Fabienne,Heinrich,,Chief Marketing Officer,C-Level,Management; Marketing and Advertising,M3connect,m3connect.de,de,https://www.linkedin.com/in/rahierfabienne
Diego,Del Vecchio,,Chief Marketing Officer,C-Level,Management; Marketing and Advertising,Atelier De Hoteles,atelierdehoteles.com,mx,https://www.linkedin.com/in/diegodelvecchio
Marie,J. Torres,,Chief Marketing & Commercial Officer,C-Level,Management; Marketing and Advertising,Atlantis Resort Spe Limited,atlantisbahamas.com,us,https://www.linkedin.com/in/mariejtorres
chef,Samer Al-Zoubi,,Chief Brand,C-Level,Management; Marketing and Advertising,Aura-hospitality,aura-retail.com,qa,https://www.linkedin.com/in/chef-samer-al-zoubi-b33580170
Jana,Vrbova,,Chief Marketing Officer Axxos Hotels,C-Level,Management; Marketing and Advertising,Axxos Hotels,axxoshotels.com,cz,https://www.linkedin.com/in/jana-vrbova-5b822a53
Eduardo,Fauqui√©,,CMO,C-Level,Management; Marketing and Advertising,B&b Hotels Slovenia,hotel-bb.com,es,https://www.linkedin.com/in/eduardofauquie
Denise,Godreau,,Chief Marketing Officer,C-Level,Management; Marketing and Advertising,Baha Mar,bahamar.com,bs,https://www.linkedin.com/in/denise-godreau-7534479a
Karina,Gudbergsen,,√òkonomidirekt√∏r & Marketingchef,C-Level; Manager,Management; Marketing and Advertising,"Bb-hotels Aps, Store Torv",bbhotels.dk,dk,https://www.linkedin.com/in/karina-gudbergsen-314a1a134
Craig,McKie,,Co-founder & Creative Director,Founder; Director,Founder/Owner; Marketing and Advertising,Bell&swift,bellandswift.com,gb,https://www.linkedin.com/in/craig-mckie
Sofia,Melo,,Chief Marketing & Product Officer PA,C-Level,Business Support; Marketing and Advertising; Management,Bestday Mexico,bestday.com.mx,mx,https://www.linkedin.com/in/sofia-melo-18561451
Clint,Nagata,,Founder and Creative Partner,Founder; Partner,Founder/Owner; Marketing and Advertising,Blink Design Group Pte. Ltd.,blinkdg.com,th,https://www.linkedin.com/in/clint-nagata-91317119
Astrid,Pr√ºger,,Chief Marketing Officer,C-Level,Management; Marketing and Advertising,B'mine Hotels,bmine.de,de,https://www.linkedin.com/in/astridprueger
Patrick,Zanello,,CMO (Directeur marketing & communication) BOAS GROUP & SWISSEVOLIFE,C-Level,Marketing and Advertising; Management,Boas Swiss Hotels,boas-swiss-hotels.ch,ch,https://www.linkedin.com/in/patrickzanello
Maxime,Demoitelle,,"Founding Partner, Marketing & Business Development",Founder; Partner,Founder/Owner; Marketing and Advertising,Bookvideo,bookvideo.mc,mc,https://www.linkedin.com/in/maxime-demoitelle-96b30720
Jeanette,Thottrup,,"Founder, Co-Owner & Creative Director",Founder; Director,Founder/Owner; Marketing and Advertising,Relais Borgo Santo Pietro Di Thottrup Claus E Thottrup Jeanette Gron S.a.s,borgosantopietro.com,it,https://www.linkedin.com/in/jeanette-thottrup-59a7b637
Nick,Lambert,,Chief Marketing Officer,C-Level,Management; Marketing and Advertising,"Boyne Usa, Inc.",boyneresorts.com,us,https://www.linkedin.com/in/nicklambert
Sinne,Fiil Fredslund,,Chief Marketing Officer,C-Level,Management; Marketing and Advertising,Br√∏chner Hotels,brochner-hotels.com,dk,https://www.linkedin.com/in/sinnefiilfredslund
Tanja,Kartz Boisen,,CMO,C-Level,Management; Marketing and Advertising,Hotel Bramslevgaard,bramslevgaard.dk,dk,https://www.linkedin.com/in/tanja-kartz-boisen
Aditya,Naithani,,Chief Marketing Officer,C-Level,Management; Marketing and Advertising,Brevistay Hospitality Pvt. Ltd.,brevistay.com,in,https://www.linkedin.com/in/aditya-21
Nick,Harvey,,Founder and Marketing Director,Founder; Director,Founder/Owner; Marketing and Advertising; Management,Restaurants Brighton,restaurantsbrighton.co.uk,gb,https://www.linkedin.com/in/nickharvey
Patrick,Norton,,Chief Marketing Officer,C-Level,Management; Marketing and Advertising,Brittain Resorts &a; Hotels,brittainhospitality.com,us,https://www.linkedin.com/in/patrick-norton-mb
Javier,Malpartida C.,,Chief Design Officer & Marketing Strategist,C-Level,Marketing and Advertising; Design; Management,Bth Hotel Boutique Concept,bth.pe,pe,https://www.linkedin.com/in/jmalpartida
Mario,Herrera P√©rez,,CMO,C-Level,Management; Marketing and Advertising,Byhours.com,byhours.com,es,https://www.linkedin.com/in/marioherrerap
Kate,Harth,,Chief Sales & Marketing Officer,C-Level,Sales; Management; Marketing and Advertising,"Cape Resorts, Incorporated",caperesorts.com,us,https://www.linkedin.com/in/kate-harth-70770053
Jason,Kycek,,SVP & Chief Marketing Officer ‚ú¶ Underperforming Asset Turnaround Specialist,VP; C-Level,Management; Marketing and Advertising,Casa De Campo Resort & Villas,casadecampo.com.do,do,https://www.linkedin.com/in/jason-kycek
Jenny,Martinez Blizard,,Founder & Creative Director,Founder; Director,Founder/Owner; Marketing and Advertising,Casa Xixim,casaxixim.com,us,https://www.linkedin.com/in/jennymartinezblizard
Ryan,Frohberg,,Chief Marketing Officer,C-Level,Management; Marketing and Advertising,Pascua Yaqui Tribe Of Arizona,casinodelsol.com,us,https://www.linkedin.com/in/ryan-frohberg-77b81341
William,Koo,,Chief Marketing Strategist,C-Level,Management; Marketing and Advertising,Castle Resorts And Hotels,castleresorts.com,us,https://www.linkedin.com/in/william-koo-9a93022
Joel,Morales,,Chief Marketing Officer,C-Level,Management; Marketing and Advertising,"Castlerock Asset Management, Llc.",castlerockam.com,us,https://www.linkedin.com/in/joelmorales2
Nicola,Ariasi,,Chief Marketing Officer,C-Level,Management; Marketing and Advertising,Centro Paolo Vi,paolovi.it,it,https://www.linkedin.com/in/nicola-ariasi
Frank,Crisafi,,Chief Marketing Officer,C-Level,Management; Marketing and Advertising,"Ceres Enterprises, Llc",ceresdevelopment.com,us,https://www.linkedin.com/in/frank-crisafi-1a6468266
Mukesh,Harsh,,CMO,C-Level,Management; Marketing and Advertising,My Transit Stay,chaturmusafir.com,in,https://www.linkedin.com/in/mukesh-harsh-42560ab7
Germ√°n,March Payeras,,Cofundador & CMO,Founder; C-Level,Founder/Owner; Marketing and Advertising; Management,Civitfun Tourism Sl,civitfun.com,es,https://www.linkedin.com/in/germanmarch
Brad,Weber,,Chief Brand and Development Officer,C-Level,Management; Marketing and Advertising,The Colorado Chautauqua,chautauqua.com,us,https://www.linkedin.com/in/brad-weber-boulder
Giorgos,Tsiledakis,,Chief Marketing & Strategic Development Officer,C-Level,Management; Marketing and Advertising,Corissia Hotels & Resort,corissia.com,gr,https://www.linkedin.com/in/tsiledakis
Alejandra,von Knobloch,,Chief Marketing Officer,C-Level,Management; Marketing and Advertising,Cortijo Fontanilla,cortijofontanilla.com,es,https://www.linkedin.com/in/alejandra-von-knobloch-963614154
Andrey,Novoshinskiy,,Chief Marketing Officer,C-Level,Management; Marketing and Advertising,Vao Intourist,cosmosgroup.ru,ru,https://www.linkedin.com/in/novoshinskiy
Jake,Neill,,CMO,C-Level,Management; Marketing and Advertising,Credit Union Travel Club,credituniontravel.com,us,https://www.linkedin.com/in/jake-neill
Chris,Mulvihill,,Chief Marketing Officer,C-Level,Management; Marketing and Advertising,Crystal Springs Resort (nj),crystalgolfresort.com,us,https://www.linkedin.com/in/chris-mulvihill-600b978
L√©a,TUYAU,,Chief Marketing Officer,C-Level,Management; Marketing and Advertising,Dadou Paris,dadou.paris,fr,https://www.linkedin.com/in/l√©a-tuyau-91432a143
Roma,O.,,Chief Marketing Officer,C-Level,Management; Marketing and Advertising,Dalata Hotel Group Plc,dalatahotelgroup.com,ie,https://www.linkedin.com/in/roma-o-6b10a149
Cyndi,Norwood,,Marketing Manager and Executive Asst. to the President & CEO and to the COO,C-Level; Manager,Operations; Marketing and Advertising; Management,Davidson Hotels &a; Resorts,davidsonhospitality.com,us,https://www.linkedin.com/in/cyndi-norwood-508b3b23
Isabelle,Falque,,Chief Marketing and Communications Officer,C-Level,PR and Communications; Management; Marketing and Advertising,D-edge Sas,d-edge.com,fr,https://www.linkedin.com/in/isabellefalque
Jean-Louis,Boss,,Chief Markting & Digital Services Ifficer,C-Level,Management; Marketing and Advertising; Business Support,D-edge Sas,d-edge.com,fr,https://www.linkedin.com/in/jean-louis-boss-7383a064
V√©ronique,CONSTANTINOFF,,"Founder of digital m√©dia ""Do It In Paris""",Founder,Founder/Owner; Marketing and Advertising,Do It In Paris,doitinparis.com,fr,https://www.linkedin.com/in/v√©ronique-constantinoff
Tomas,B√§cklund,,Chief Marketing Officer,C-Level,Management; Marketing and Advertising,Elite Hotels Of Sweden Ab,elite.se,se,https://www.linkedin.com/in/tomasibacklund
Kate,Branch,,Chief Marketing Officer,C-Level,Management; Marketing and Advertising,Glenferrie Lodge Sydney,emeraldcityhotels.com,au,https://www.linkedin.com/in/katebranchcreative
Fred,Carvalho,,Chief Marketing Officer,C-Level,Management; Marketing and Advertising,Samba Hot√©is,sambahoteis.com,br,https://www.linkedin.com/in/carvalhofred
Ilsa,Butler,,Chief Marketing Officer,C-Level,Management; Marketing and Advertising,Evans Hotels Corporation,evanshotels.com,us,https://www.linkedin.com/in/ilsabutler
Peter,Tihanyi,,Chief Creative Officer (CCO),C-Level,Management; Marketing and Advertising,Eventrend Group,eventrend.hu,hu,https://www.linkedin.com/in/petertihanyi
Ximena,Caminos,,Chief Creative Officer,C-Level,Management; Marketing and Advertising,Faena Hotel,faena.com,us,https://www.linkedin.com/in/ximenacaminos
Jaclyn,Currie,,Chief Marketing Officer,C-Level,Management; Marketing and Advertising,Federal Group,federalgroup.com.au,au,https://www.linkedin.com/in/jaclyn-currie-1859a614
Cristina,Salmer√≥n,,CMO,C-Level,Management; Marketing and Advertising,Fergus Group,fergusgroup.com,es,https://www.linkedin.com/in/cristina-salmeron-urbano
Pedro,Galm√©s L√≥pez,,Director comercial & Marketing,C-Level,Marketing and Advertising; Management,Ferrer Hotels,ferrerhotels.com,es,https://www.linkedin.com/in/pedro-galm√©s-l√≥pez-6462a929
Henrik,Ramstedt,,Chief Marketing Officer,C-Level,Management; Marketing and Advertising,"Hotel Twentyseven | Copenhagen, Denmark",firsthotels.com,se,https://www.linkedin.com/in/henrikram
Sorya,Ingrid Gaulin,,"Chief Marketing Officer, Fogo Island Inn & Shorefast",C-Level,Management; Marketing and Advertising,Fogo Island Inn,fogoislandinn.ca,ca,https://www.linkedin.com/in/soryagaulin
Janet,Christopher,,Chief Marketing Officer,C-Level,Management; Marketing and Advertising,Columbia Hotel Management,columbiahospitality.com,us,https://www.linkedin.com/in/janetchristopher1
Michael,Cady,,Chief Marketing Officer,C-Level,Management; Marketing and Advertising,"Charlestowne Hotels, Inc.",charlestownehotels.com,us,https://www.linkedin.com/in/michaelrcady
alessandro,fedullo,,Chief Marketing Officer,C-Level,Management; Marketing and Advertising,Galdieri Rent,galdierirent.it,it,https://www.linkedin.com/in/alessandro-fedullo-b4471144
Sandro,Battistessa,,"Chairman, Founder and Creative Director",Founder; Director; Board Member,Founder/Owner; Marketing and Advertising; Board,Genivs Loci Srl Societ√† Benefit,genivs-loci.com,it,https://www.linkedin.com/in/sandro-battistessa-21549b8
Kerry,Flowers,,Marketing Guru & Founder,Founder,Founder/Owner; Marketing and Advertising,Genre Hotels,genrehotels.com,us,https://www.linkedin.com/in/kerry-flowers-1b08a722
√Ångel,Tom√°s,,Director Comercial y Marketing,Director; C-Level,Marketing and Advertising; Management,Gf Hotels,gfhoteles.com,es,https://www.linkedin.com/in/√°ngel-tom√°s-9256158
Xerach,Cubas Santana,,Director Comercial & Marketing,C-Level,Marketing and Advertising; Management,Gloria Thalasso & Hotels,gloriapalaceth.com,es,https://www.linkedin.com/in/xerach-cubas-santana-6b919191
Adil,Asifi,,Chief - Marketing & Operations,C-Level,Operations; Management; Marketing and Advertising,Golden Metro Hotel,goldenmetrohotel.com,in,https://www.linkedin.com/in/adil-asifi-00038416
Kate,Maass,,Chief Creative Officer,C-Level,Management; Marketing and Advertising,"Grand Image, Ltd.",grandimage.com,us,https://www.linkedin.com/in/kate-maass-2b96b6243
Christopher,Abraham,,Chief Marketing Officer,C-Level,Management; Marketing and Advertising,Grand Sierra Resort And Casino,grandsierraresort.com,us,https://www.linkedin.com/in/christopher-abraham-a38ab010
Yves,Luetolf,,Chief Marketing Officer (CMO) / Vizedirektor Graub√ºnden Ferien,C-Level,Management; Marketing and Advertising,Graub√ºnden Ferien - Grf,graubuenden.ch,ch,https://www.linkedin.com/in/yves-luetolf
Christopher,Kenny,,Chief Ecommerce Officer,C-Level,Management; Marketing and Advertising,Great National Hotels,greatnationalhotels.com,ie,https://www.linkedin.com/in/christopher-kenny-5a986026
Alexandros,V.,,Co-founder & CMO,Founder; C-Level,Founder/Owner; Marketing and Advertising; Management,Guestflip Ltd,guestflip.io,gr,https://www.linkedin.com/in/alexandros-v-069309b1
St√©phanie,THOMAS,,Chief Marketing Officer,C-Level,Management; Marketing and Advertising,Villa Saxe Eiffel,villa-saxe-eiffel.com,fr,https://www.linkedin.com/in/st√©phanie-thomas-4691bb17b
Natalia,Swarz,,"Founder, Creative Director",Founder; Director,Founder/Owner; Marketing and Advertising,H√¥tel Weekend,hotel-weekend.com,es,https://www.linkedin.com/in/nataliaswarz
Ufuk,Secgin,,Chief Marketing Officer,C-Level,Management; Marketing and Advertising,Halalbooking Ltd.,halalbooking.com,gb,https://www.linkedin.com/in/ufuksecgin
Hannah,Vazzana,,"Executive Vice President, Chief Brand and Communications Officer",VP; C-Level,Management; PR and Communications; Marketing and Advertising,Sunterra,hiltongrandvacations.com,us,https://www.linkedin.com/in/hannah-vazzana-6921535
Gail,Ueberroth,,Vice-Chairman/Chief Marketing Officer,VP; C-Level; Board Member,Management; Marketing and Advertising,Historic Hotels-america,historichotels.org,us,https://www.linkedin.com/in/gail-ueberroth-8184b227
Tawnya,Johnson,,Chief Marketing Officer,C-Level,Management; Marketing and Advertising,"Hotel Investment Services, Inc.",his-corp.com,us,https://www.linkedin.com/in/tawnya-johnson-86174b4
Kemper,Hyers,,Chief Creative Officer,C-Level,Management; Marketing and Advertising,Element 52,aubergeresorts.com,us,https://www.linkedin.com/in/kemper-hyers-85a5548
Michael,Minchin,,Chief Marketing Officer,C-Level,Management; Marketing and Advertising,Element 52,aubergeresorts.com,us,https://www.linkedin.com/in/michael-minchin-02847412
Gaia,Miccich√®,,Chief Marketing Officer,C-Level,Management; Marketing and Advertising,Hotel Le Calette***** Cefal√π,lecalette.it,it,https://www.linkedin.com/in/gaia-miccich√®-001a394b
Anthony,Iskusnov,,CMO,C-Level,Management; Marketing and Advertising,Boutique H√¥tel Panorama,hotelpanorama.ch,ru,https://www.linkedin.com/in/iskusnov
samar,sam,,chief marketing manager,C-Level,Management; Marketing and Advertising,Regenta Fairlark Vadodara,royalorchidhotels.com,in,https://www.linkedin.com/in/samar-sam-93a46989
Aurel,Longin,,Chief Sales Marketing Officer,C-Level,Management; Sales; Marketing and Advertising,Hotel Sli≈°ko,slisko.hr,hr,https://www.linkedin.com/in/aurel-longin-5370b910
Ryan,Parker,,Founder & Digital Director,Founder; Director,Founder/Owner; Marketing and Advertising,Placeworks Co.ltd,placeworks.co.th,th,https://www.linkedin.com/in/parkersol
Gaston,Siles,,DIRECTOR COMERCIAL / CHIEF COMMERCIAL OFFICER AND MARKETING / CCO,C-Level,Management; Marketing and Advertising,Hoteles Misi√≥n,hotelesmision.com.mx,pe,https://www.linkedin.com/in/gaston-siles-97866823
Jenny,Shymon,,Chief Marketing Officer,C-Level,Management; Marketing and Advertising,Hotelfriend Ag,hotelfriend.com,de,https://www.linkedin.com/in/jenny-shymon-135443138
Andr√°s,Dombai,,Co-Founder - Online marketing startup,Founder,Founder/Owner; Marketing and Advertising,Online Marketing Strategy Ltd.,hotelhood.com,hu,https://www.linkedin.com/in/andrasdombai
Tomeu,Fiol Obrador,,CMO,C-Level,Management; Marketing and Advertising,Hotelinking S.l.,hotelinking.com,es,https://www.linkedin.com/in/tomeufiol
Tamer,Beler,,Chief Marketing Officer,C-Level,Management; Marketing and Advertising,Hotelistan Turizm Otelcilik Bilgi Islem Ve Ticaret Ltd. Sti.,hotelistan.com,tr,https://www.linkedin.com/in/tamerbeler-digital-marketing
Mar√≠a,Bilbao Machimbarrena,,CMO,C-Level,Management; Marketing and Advertising,"Hotelverse Technologies, S.l.",hotelverse.tech,es,https://www.linkedin.com/in/mar√≠abilbaomachimbarrena
Bastien,Ribeiro,,Founder & Creative Director,Founder; Director,Founder/Owner; Marketing and Advertising,Howard Studio,howardstudio.fr,fr,https://www.linkedin.com/in/bastien-ribeiro
Janet,"Ott, Chief Marketing Officer and Strategy Leader, HVS",,Chief Marketing Officer & Strategy Leader,C-Level,Management; Marketing and Advertising,Hvs International,hvs.com,us,https://www.linkedin.com/in/janetmott
PAVAN,PARDASANI,,Chief Marketing Officer,C-Level,Management; Marketing and Advertising,Tao Group,hakkasangroup.com,us,https://www.linkedin.com/in/pavan-pardasani-8b80609a
Andrew,Sesay,,Founders Associate / Head of Marketing,Founder; Head,Founder/Owner; Marketing and Advertising,Juststay Hotels,juststay.de,es,https://www.linkedin.com/in/andrew-sesay-368a751ab
Jose,Eduardo Barra Rodriguez,,Chef Creativo,C-Level,Marketing and Advertising,Karisma Hotels And Resorts,karismahotels.com,mx,https://www.linkedin.com/in/jose-eduardo-barra-rodriguez-27a66a1b9
Roberto,Martinelli,,Chief Marketing Officer,C-Level,Management; Marketing and Advertising,La Bottega S.p.a.,labottega.com,it,https://www.linkedin.com/in/roberto-martinelli-9479522b
Nuria,Roca Barb√©,,CEO & Creative Director,Director; C-Level,Marketing and Advertising; Management,La Garriga De Castelladral,masialagarriga.com,es,https://www.linkedin.com/in/nuria-roca-barb√©-18391b91
Jessica,Djivikian,,Chief Marketing Officer,C-Level,Management; Marketing and Advertising,Lartisien Sarl,lartisien.com,fr,https://www.linkedin.com/in/jessica-djivikian-a8049b88
Nick,Cosinteno,,CEO & CMO,C-Level,Management; Marketing and Advertising,Live Luxe Travel,liveluxetravel.com,us,https://www.linkedin.com/in/nick-cosinteno
David,De los Santos,,Chief Sales & Marketing Officer,C-Level,Sales; Management; Marketing and Advertising,Lomas Travel Agencies,lomastravel.com,mx,https://www.linkedin.com/in/davidloudelossantosortega
Scott,Watson,,Chief Sales & Marketing Officer,C-Level,Sales; Management; Marketing and Advertising,"M3 Accounting Services, Inc.",m3as.com,us,https://www.linkedin.com/in/1scottwatson
Hana,Tsukamoto,,Co-Founder / Creative Director,Founder; Director,Founder/Owner; Marketing and Advertising,Maana Homes,maanahomes.com,jp,https://www.linkedin.com/in/hanatsukamoto
Antonio,Balaguer Montaner,,"Chief Marketing, Communications and E-Commerce Officer",C-Level,PR and Communications; Management; Marketing and Advertising,Marsenses Hotels &a; Homes,marsenses.com,es,https://www.linkedin.com/in/antoniobalaguermontaner
Simon,Scoot,,Chief Marketing Officer,C-Level,Management; Marketing and Advertising,Maybourne Hotel Group,maybourne.com,gb,https://www.linkedin.com/in/simonscoot
Dogan,Murat È¶¨Ê¶Æ Ergin,,Chief Marketing Officer,C-Level,Management; Marketing and Advertising,Merit International Hotels & Resorts,merithotels.com,tr,https://www.linkedin.com/in/doganmuratergin
Valerie,"Guilmette, MBA",,Chief Marketing Officer Saint-Damase Group | Vice President Humble Nature,C-Level,Management; Marketing and Advertising,St-damase,st-damase.com,ca,https://www.linkedin.com/in/valerie-guilmette-mba-19862217
Giancarlo,Avila,,CMO,C-Level,Management; Marketing and Advertising,Mjl Select Inc,mjlselect.com,us,https://www.linkedin.com/in/giancarlo-avila-982a3818a
Igors,Porohs,,Chief Marketing Officer,C-Level,Management; Marketing and Advertising,Mogotel Hotel Group,mogotel.com,lv,https://www.linkedin.com/in/igors-porohs-62404b191
Ken,Marold,,Chief Marketing Officer,C-Level,Management; Marketing and Advertising,"Monscierge, Llc",monscierge.com,us,https://www.linkedin.com/in/ken-marold-88013336
Jason,Smith,,Founder ‚óè Creating Brand Awareness ‚óè Digital Strategies ‚óè Rebranding ‚óè Product Development ‚óè Web Dev,Founder,Founder/Owner; Marketing and Advertising,Smith Global Ltd.,mrandmrssmith.com,us,https://www.linkedin.com/in/digitalmarketing2
Mary,Shick,,Chief Marketing Officer,C-Level,Management; Marketing and Advertising,Muckleshoot Indian Casino,muckleshootcasino.com,us,https://www.linkedin.com/in/mary-shick
Joelle,Park,,"Senior Vice President, Chief Marketing Officer",VP; C-Level,Management; Marketing and Advertising,"Best Western International, Inc.",bestwestern.com,us,https://www.linkedin.com/in/joellelynnpark
Layo,Paskin,,Co-Founder & Creative Director,Founder; Director,Founder/Owner; Marketing and Advertising,The Barbary Next Door,thebarbarynextdoor.co.uk,gb,https://www.linkedin.com/in/layo-paskin-70b676241
Zoe,Mouchritsa,,Chief Marketing Officer (CMO),C-Level,Management; Marketing and Advertising,Nelioscom,nelios.com,gr,https://www.linkedin.com/in/zoemouchritsa
Gala,G.,,Chief Marketing Officer (CMO),C-Level,Management; Marketing and Advertising,Neptuno Hotel & Spa ****s,hotelneptuno.com,es,https://www.linkedin.com/in/gala-g-202790161
Scott,Williams,,Chief Development & Brand Officer,C-Level,Management; Marketing and Advertising,Main Street Hospitality Group,mainstreethospitalitygroup.com,us,https://www.linkedin.com/in/scottswilliams
David,Jorden,,Chief Marketing Officer,C-Level,Management; Marketing and Advertising,Newport World Resorts,newportworldresorts.com,ph,https://www.linkedin.com/in/davidjorden
Acme,Wu,,Chief Marketing Officer,C-Level,Management; Marketing and Advertising,Niseko Tourism,nisekotourism.com,us,https://www.linkedin.com/in/acme-wu-213aab80
Scott,Colee,,Chief Marketing Officer,C-Level,Management; Marketing and Advertising,Noble House Hotels &a; Resorts,noblehousehotels.com,us,https://www.linkedin.com/in/scott-colee-8bb42b60
Monica,Mascaros,,Co-Founder and Creative Director,Founder; Director,Founder/Owner; Marketing and Advertising,Nomad Hospitality Group,nomadhotelcollection.com,ae,https://www.linkedin.com/in/monica-mascaros-7b765aa
Kelly,Burke,,Chief Marketing Officer,C-Level,Management; Marketing and Advertising,Ocean Resort Casino,theoceanac.com,us,https://www.linkedin.com/in/kelly-burke-72385b17
Matteo,Toresani,,Brand Manager e CFO,C-Level; Manager,Management; Marketing and Advertising,Olympic Spa Hotel,olympicspahotel.it,it,https://www.linkedin.com/in/matteotoresani
Fran√ßois,Mare,,Chief Marketing & Digital Officer,C-Level,Management; Marketing and Advertising,Onefinestay,onefinestay.com,fr,https://www.linkedin.com/in/francoismare
Christian,Knapp,,Vice President // Chief Marketing Officer,VP; C-Level,Management; Marketing and Advertising,"Pacific Group Resorts, Inc.",pgri.us,us,https://www.linkedin.com/in/christianknapp
NINA,BERCHE ‚òÄÔ∏è,,Co-fondatrice & Responsable Marketing Digital / Communication,Founder,Founder/Owner; Marketing and Advertising; PR and Communications,Palmito Biarritz,palmito-biarritz.com,fr,https://www.linkedin.com/in/nina-berche-‚òÄÔ∏è-b187b69a
Cinn,Tan,,Chief Commercial & Marketing Officer,C-Level,Management; Marketing and Advertising,Pan Pacific Hotels Group Limited,panpacific.com,sg,https://www.linkedin.com/in/cinn
Mehmet,Kaplan,,Entertainment Chief,C-Level,Management; Marketing and Advertising,Papillon Hotels,papillon.com.tr,tr,https://www.linkedin.com/in/mehmetkaplan1
Rafael,Sandoval Garcia,,Director Comercial & Marketing,C-Level,Marketing and Advertising; Management,Park Royal Hotels & Resorts,park-royalhotels.com,mx,https://www.linkedin.com/in/rafael-sandoval-garcia-a36336142
Bill,Anderson,,Chief Marketing Officer,C-Level,Management; Marketing and Advertising,Pechanga Resort Casino Ltd,pechanga.com,us,https://www.linkedin.com/in/bill-anderson-a0877a210
Marie,Louise Scio,,CEO & Creative Director-Pellicano Hotels,Director; C-Level,Marketing and Advertising; Management,Pellicano Hotels,pellicanohotels.com,it,https://www.linkedin.com/in/marie-louise-scio-014b3847
Jessie,"Radcliff, CRME, CHDM",,Chief Marketing Officer,C-Level,Management; Marketing and Advertising,Perdido Beach Resort,perdidobeachresort.com,us,https://www.linkedin.com/in/jessie-radcliff-
Juan,Ma Gonz√°lez,,"Chief Commercial, Revenue & Marketing Officer (CCO-CRO-CMO)",C-Level,Management; Marketing and Advertising,Portblue Hotels &a; Resorts,portbluehotels.com,es,https://www.linkedin.com/in/juan-ma-gonz√°lez-cco
Alexx,Zawada,,Chief Marketing Officer,C-Level,Management; Marketing and Advertising,Potawatomi Hotel And Casino,paysbig.com,us,https://www.linkedin.com/in/alexx-zawada-21273aa9
Mitchel,van Gool,,Chief Marketing & Sales Officer,C-Level,Sales; Management; Marketing and Advertising,Prestige Vacations Aruba,prestigerealtyaruba.com,nl,https://www.linkedin.com/in/mitchel-van-gool-a2509878
Ranjith,Kumar Narayanappa,,Director Marketing Technology,Director; C-Level,Management; R&D; Marketing and Advertising,Priceline.com Llc.,priceline.com,us,https://www.linkedin.com/in/ranjith-kumar-narayanappa-2b0a4722
I√±aki,Susilla,,Director Comercial & Marketing,C-Level,Marketing and Advertising; Management,Princess Hotels & Resorts,princess-hotels.com,es,https://www.linkedin.com/in/i√±aki-susilla-239aab6
Justyna,Michalczyk,,Chief Marketing Officer,C-Level,Management; Marketing and Advertising,Profitroom Sp. Z O.o.,profitroom.com,pl,https://www.linkedin.com/in/justyna-michalczyk-1a47a2b
Manuela,Schwingshackl,,Chief Marketing Officer,C-Level,Management; Marketing and Advertising,Pulse Hotels &a; Resorts,pulseresorts.com,ch,https://www.linkedin.com/in/manuela-schwingshackl-a8614733
Craig,Snelgrove,,Chief Marketing Officer,C-Level,Management; Marketing and Advertising,"Purehd, Inc.",purehd.com,us,https://www.linkedin.com/in/craigsnelgrove
indudhara,A,,CMO & Co-Founder,Founder; C-Level,Founder/Owner; Management; Marketing and Advertising,Qexperiences,qexperiences.in,in,https://www.linkedin.com/in/indudhara
Gabriela,R.,,Chief Marketing Officer,C-Level,Management; Marketing and Advertising,R2 Hotels,r2hotels.com,es,https://www.linkedin.com/in/gabriela-ramos-medina
Claudia,Kozma Kaplan,,Chief Brand Officer,C-Level,Management; Marketing and Advertising,Raffles Hotels & Resorts,raffles.com,us,https://www.linkedin.com/in/claudia-kozma-kaplan-3bb8776
Ankita,Satnaliwala Mittal,,CMO,C-Level,Management; Marketing and Advertising,Ramada Gurgaon Central,ramadagurgaoncentral.com,in,https://www.linkedin.com/in/ankita-satnaliwala-mittal-51b05018
Atila,Haidar Kalkan,,Entertainement Chief,C-Level,Management; Marketing and Advertising,Ramada Resort Lara,ramadaresortlara.com,tr,https://www.linkedin.com/in/atila-haidar-kalkan-b13796170
Gloriann,Kueter,,Chief Sales and Marketing Officer,C-Level,Sales; Management; Marketing and Advertising,"Regency Hotel Management, Inc.",regency-mgmt.com,us,https://www.linkedin.com/in/gloriann-kueter-8337493
Ronn,Nicolli,,CMO,C-Level,Management; Marketing and Advertising,"Resorts World Las Vegas, Llc",rwlasvegas.com,us,https://www.linkedin.com/in/ronn-nicolli-a0a817194
Hannah,Kelly,,Chief Marketing Officer,C-Level,Management; Marketing and Advertising,"Servy, Inc.",resy.com,us,https://www.linkedin.com/in/hannah-e-kelly
Thomas,Landen,,Chief Marketing Officer (genie :),C-Level,Management; Marketing and Advertising,Roompricegenie Ag,roompricegenie.com,nl,https://www.linkedin.com/in/tlanden
Karen,Stephens,,Chief Marketing Officer,C-Level,Management; Marketing and Advertising,"Revinate, Inc.",revinate.com,us,https://www.linkedin.com/in/karenstephensrevinate
Mia,"Frothingham, MScR",,Chief Marketing Officer,C-Level,Management; Marketing and Advertising,"Revoptimum, Revenue Management Company",revoptimum.com,gb,https://www.linkedin.com/in/mia-frothingham
Ersin,Sifa,,Chief Marketing Officer,C-Level,Management; Marketing and Advertising,River Rock Hotels & Resorts,riverrockhotels.com,tr,https://www.linkedin.com/in/ersin-sifa-06515a3
MURAT,B.,,Chief Marketing Officer,C-Level,Management; Marketing and Advertising,River Rock Hotels & Resorts,riverrockhotels.com,tr,https://www.linkedin.com/in/murat-b-8a578638
Nina,Knezevic,,Chief Marketing Officer,C-Level,Management; Marketing and Advertising,"Room Mate, S.a.",room-matehotels.com,es,https://www.linkedin.com/in/ninamarketing
Manvi,Sharma,,Chief Marketing Officer,C-Level,Management; Marketing and Advertising,The Royal Woods,saffronstays.com,in,https://www.linkedin.com/in/manviguptasharma
Jessica,Werner,,Chief Creative Officer,C-Level,Management; Marketing and Advertising,Sage Hospitality Group,sagehospitalitygroup.com,us,https://www.linkedin.com/in/jessica-werner-7a760910
Tracey,Anne Slavonia,,Chief Sales & Marketing Officer,C-Level,Sales; Management; Marketing and Advertising,Salamander Hotels And Resorts,salamanderhotels.com,us,https://www.linkedin.com/in/traceyslavonia
Kevin,Oshea,,Chief Creative Officer,C-Level,Management; Marketing and Advertising,Salt House Inn,salthotels.com,us,https://www.linkedin.com/in/kevinosheadesigns
Tiffany,Tanaka,,Chief Marketing Officer,C-Level,Management; Marketing and Advertising,"Sbe Restaurant Group, Llc.",sbe.com,us,https://www.linkedin.com/in/tiffany-tanaka-980084182
Anne,Fischer,,Chief Marketing Officer,C-Level,Management; Marketing and Advertising,"Schulte Hospitality Group, Inc.",schultehospitality.com,us,https://www.linkedin.com/in/annenfischer
Syed,Fahim Inaam,,Chief Marketing Officer,C-Level,Management; Marketing and Advertising,Serena Hotels,serenahotels.com,pk,https://www.linkedin.com/in/syed-fahim-inaam-ba372861
Erica,Campbell,,CMO,C-Level,Management; Marketing and Advertising,Seven & Up,sevennup.com,us,https://www.linkedin.com/in/erica-campbell-633311258
Vu,K.,,Chief Marketing Officer / Chief Growth Officer,C-Level,Management; Marketing and Advertising,Silverland Hotels &a; Spas,silverlandhotels.com,vn,https://www.linkedin.com/in/vukieulinh
David,Soto Rodr√≠guez,,Socio fundador y responsable de comunicaci√≥n y marketing digital,Founder; Partner,Founder/Owner; Marketing and Advertising,Socialtur: Marketing Y Turismo,socialtur.com,es,https://www.linkedin.com/in/david-soto-rodr√≠guez-76161388
Xavi,Gimeno Ronda,,CMO/CCO,C-Level,Management; Marketing and Advertising,Hotel Soho Boutique,sohohoteles.com,es,https://www.linkedin.com/in/xavi-gimeno-ronda-293b1739
Robert,Squillacioti,,Chief Marketing Officer,C-Level,Management; Marketing and Advertising,Solotel,solotel.com.au,au,https://www.linkedin.com/in/robsquillacioti
Pamela,Cruse,,Co-Founder and CMO- Soul Community Planet,Founder,Founder/Owner; Marketing and Advertising,"Soul Community Planet, Inc.",scphotel.com,us,https://www.linkedin.com/in/pamela-cruse-a74761b4
Husanpreet,K.,,Chief Marketing Officer,C-Level,Management; Marketing and Advertising,Spectra Hospitality Services | Leading Hotel Consultants,spectrahospitality.com,in,https://www.linkedin.com/in/husankandol
Mai,Vejjajiva Timblick,,Chief Creative Officer- Standard International,C-Level,Management; Marketing and Advertising,The Standard Hotels,standardhotels.com,gb,https://www.linkedin.com/in/mai-vejjajiva-timblick-b4a64b1a0
Simon,Breckon,,CMO,C-Level,Management; Marketing and Advertising,Generator Hostels Ltd.,staygenerator.com,gb,https://www.linkedin.com/in/simon-breckon-9b966b166
Jennifer,Kearney,,Chief Marketing Officer,C-Level,Management; Marketing and Advertising,Stayapt Suites,stayapt.com,us,https://www.linkedin.com/in/jennifer-kearney-0246a499
Fabien,H.,,CMO,C-Level,Management; Marketing and Advertising,Stayforlong Sl,stayforlong.com,es,https://www.linkedin.com/in/fabien-hussy
Erik,Nissen Johansen,,"Owner, Founder and Creative Director",Founder; Director,Founder/Owner; Marketing and Advertising,Stylt Trampoli Ab,stylt.se,se,https://www.linkedin.com/in/ejohansen1
Cristina,Borges de Carvalho,,Chief Marketing Officer,C-Level,Management; Marketing and Advertising,Sublime Comporta Country House Retreat,sublimecomporta.pt,es,https://www.linkedin.com/in/cristinaborges1
martin,arnaud,,chief marketing officer,C-Level,Management; Marketing and Advertising,Sunlife Mauritius,sunresortshotels.com,mu,https://www.linkedin.com/in/martin-arnaud-52546b92
Ramesh,Jeenarain,,Chief Sales and Marketing Officer,C-Level,Sales; Management; Marketing and Advertising,Sunlife Mauritius,sunresortshotels.com,mu,https://www.linkedin.com/in/ramesh-jeenarain-a06247a1
Sarah,Birkett,,"Co-Founder, Chief Creative Officer",Founder; C-Level,Founder/Owner; Marketing and Advertising,Sussurro,sussurro.co,za,https://www.linkedin.com/in/sarah-birkett-4a2561200
Diane,Rebstein,,Chief Sales Marketing Officer,C-Level,Management; Sales; Marketing and Advertising,Swisspeak Resorts,swisspeakresorts.com,ch,https://www.linkedin.com/in/diane-rebstein-675324b7
Lizzy,Johnson,,Chief Marketing Officer (Interim),C-Level,Management; Marketing and Advertising,Tashas Group,tashasgroup.com,ae,https://www.linkedin.com/in/lizzyjohnson
Nino,Vidovic,,Chief Marketing Officer,C-Level,Management; Marketing and Advertising,Terme Maribor D.o.o.,terme-maribor.si,si,https://www.linkedin.com/in/nino-vidovic-a24764137
Amit,Kumar,,Chief Marketing Officer,C-Level,Management; Marketing and Advertising,Tgi Hotels And Resorts,tgihotels.com,in,https://www.linkedin.com/in/amit-kumar-6379098
Charlotte,Rose Melsom,,Founding Partner & Creative Director,Founder,Founder/Owner; Marketing and Advertising,The Beach Samui,thebeach-samui.com,gb,https://www.linkedin.com/in/charlotterosemelsom
Pier,Consani,,Director of Sales & Marketing and Co-founder,Founder; Director,Founder/Owner; Sales; Marketing and Advertising,Postresidenz Am See,postresidenzamsee.ch,ch,https://www.linkedin.com/in/pierconsani
Roman,Kuzmenko,,Chief Marketing Officer,C-Level,Management; Marketing and Advertising,"–°–µ—Ç—å –û—Ç–µ–ª–µ–π ""—á–µ—Ä–Ω–æ–µ –ú–æ—Ä–µ""",blacksea-hotels.com,ua,https://www.linkedin.com/in/roman-kuzmenko-036441144
Iryna,Zavyalych,,Chief Marketing Officer,C-Level,Management; Marketing and Advertising,Bankhotel Lviv,bankhotel.com.ua,ua,https://www.linkedin.com/in/iryna-zavyalych-a5a6321a5
Philip,Koserowski,,Senior Vice President & Chief Marketing Officer at The Leading Hotels of the World,VP; C-Level,Management; Marketing and Advertising,"The Leading Hotels Of The World, Ltd.",lhw.com,us,https://www.linkedin.com/in/philkoserowski
Lior,Berneman-Zvulun,,Chief Marketing Officer,C-Level,Management; Marketing and Advertising,Astral Hotels,astralhotels.co.il,il,https://www.linkedin.com/in/lior-berneman-zvulun-98957854
Anna,Herms,,Miembro fundador y Responsable de Marketing y Comunicaci√≥n,Founder; Manager,Founder/Owner; PR and Communications; Marketing and Advertising,Intr√≠ngulis Room Escape,intringulisbcn.com,es,https://www.linkedin.com/in/anna-herms-33048235
Oliver,Gunning,,Chief Marketing Officer,C-Level,Management; Marketing and Advertising,Your Golf Travel Limited,yourgolftravel.com,gb,https://www.linkedin.com/in/oliver-gunning-04853923
Paul,Henderson,,Founder and CMO,Founder; C-Level,Founder/Owner; Marketing and Advertising; Management,Costa Rica Travel Group,booktci.co,mx,https://www.linkedin.com/in/paulhenderson63
Robert,Stover,,Chief Marketing Officer,C-Level,Management; Marketing and Advertising,Hyatus Stays,hyatus.com,us,https://www.linkedin.com/in/robert-stover-7bb2481b3
Olga,Troshina,,CMO,C-Level,Management; Marketing and Advertising,Azimut Hotels Company Llc,azimuthotels.com,ru,https://www.linkedin.com/in/troshinaolga
Maritza,Solorzano,,CMO,C-Level,Management; Marketing and Advertising,Nikki Beach Hospitality Group,nikkibeach.com,us,https://www.linkedin.com/in/maritza-solorzano-b761b6151
Atul,Mittal,,Founder & CMD,Founder; C-Level,Founder/Owner; Management; Marketing and Advertising,Myhotelline,myhotelline.com,in,https://www.linkedin.com/in/myhotelline
Susan,Galvin,,Chief Marketing Officer,C-Level,Management; Marketing and Advertising,White Stone Marketing,whitestonemarketing.com,us,https://www.linkedin.com/in/susan-galvin-10178a66
Anna,Abbott,,Chief Marketing Officer,C-Level,Management; Marketing and Advertising,The Doyle Collection Hotels,doylecollection.com,gb,https://www.linkedin.com/in/anna-abbott-9223b929
Philipp,Albrecht,,Chief Marketing Officer,C-Level,Management; Marketing and Advertising,Grand Casino Luzern Ag,grandcasinoluzern.ch,ch,https://www.linkedin.com/in/philipp-albrecht-8a17553
Ulysses,M.,,Chief Marketing Officer,C-Level,Management; Marketing and Advertising,The Grand Rehabilitation &a; Nursing,thegrandhealthcare.com,us,https://www.linkedin.com/in/ulysses-m-27b9a1266
Katharine,Ames,,Chief Marketing Officer,C-Level,Management; Marketing and Advertising,The Indigo Road Resturant Group,theindigoroad.com,us,https://www.linkedin.com/in/katharine-ames-404
Scott,Jefferson,,Chief Marketing & Digital Officer,C-Level,Management; Marketing and Advertising,The Inn Collection Group,inncollectiongroup.com,gb,https://www.linkedin.com/in/scott-jefferson-71826a
Erin,McCluskey,,"Co-Founder, Marketing & Design",Founder,Design; Founder/Owner; Marketing and Advertising,The Laundry Rooms,thelaundry-rooms.co.uk,ca,https://www.linkedin.com/in/mccluskeyerin
Gary,Kuiper,,"Co-Founder, Marketing and Design",Founder,Design; Founder/Owner; Marketing and Advertising,The Laundry Rooms,thelaundry-rooms.co.uk,ca,https://www.linkedin.com/in/garymkuiper
Paul,McGrath,,"Co-Founder, Marketing and Design",Founder,Design; Founder/Owner; Marketing and Advertising,The Laundry Rooms,thelaundry-rooms.co.uk,ca,https://www.linkedin.com/in/paul-mcgrath-a2823416
Shweta,Jain,,Chief Marketing & Sales Officer,C-Level,Sales; Management; Marketing and Advertising,"The Leela Palaces, Hotels And Resorts",theleela.com,in,https://www.linkedin.com/in/shweta-jain-393ab810
Melissa,Levis,,"Family Innkeeper, President of Marketing, Public Relations and Group Sales",C-Level,Management; Marketing and Advertising,Wilburton Inn,wilburton.com,us,https://www.linkedin.com/in/melissa-levis-679bb7b
Jennifer,Bell,,Chief Creative Officer,C-Level,Management; Marketing and Advertising,"The Zimmerman Agency, Inc.",zimmerman.com,us,https://www.linkedin.com/in/jennifer-bell-8750824
Heidi,"Nowak, M.B.A.",,Chief Marketing Officer,C-Level,Management; Marketing and Advertising,Timbers Resorts,timberscompany.com,us,https://www.linkedin.com/in/hnowak
Fernando,Mu√±oz Oliver,,Chief Marketing Officer,C-Level,Management; Marketing and Advertising,Stay App,stay-app.com,es,https://www.linkedin.com/in/fmunozoliv
Chiyoko,Nakazawa,,"Executive Officer, Chief Marketing Officer",C-Level,Management; Marketing and Advertising,"Toyoko Inn Co.,ltd.",toyoko-inn.com,jp,https://www.linkedin.com/in/chiyoko-nakazawa-16614879
Gisela,Ponce Vidales,,Chief Marketing Officer,C-Level,Management; Marketing and Advertising,Ehogroup,eho-group.com,es,https://www.linkedin.com/in/giselaponcevidales
Sam,Woollard,,Chief Marketing Officer,C-Level,Management; Marketing and Advertising,Travala.com,travala.com,au,https://www.linkedin.com/in/sam-woollard
√Ålvaro,Redondo Rey,,CMO,C-Level,Management; Marketing and Advertising,Turiscool,turiscool.com,es,https://www.linkedin.com/in/alvaroredondorey
Ryan,Williams,,Chief Marketing Officer,C-Level,Management; Marketing and Advertising,"Uptown Network, Llc",uptownnetwork.com,us,https://www.linkedin.com/in/ryan-williams-42b709
Barƒ±≈ü,Baran,,Entertainment chief,C-Level,Management; Marketing and Advertising,Water Planet Hotel &a; Aquapark,waterplanet.com.tr,tr,https://www.linkedin.com/in/barƒ±≈ü-baran-69758a182
Kate,(Vuturo) Wik,,Chief Marketing Officer,C-Level,Management; Marketing and Advertising,Las Vegas Convention And Visitors Authority - Lvcva,vegasmeansbusiness.com,us,https://www.linkedin.com/in/katevuturowik
Mark,Borgman,,Founder & CMO,Founder; C-Level,Founder/Owner; Marketing and Advertising; Management,Vipio Bv,vipio.com,nl,https://www.linkedin.com/in/mark-borgman-6893836
Nicol√°s,Basilio Stathakis,,Chief Creative Officer (CCO) | Head of Project Managment,C-Level,Management; Marketing and Advertising,Vmaison,vmaison.it,it,https://www.linkedin.com/in/nicol√°s-basilio-stathakis
Kyle,Tibbitts,,Chief Marketing Officer,C-Level,Management; Marketing and Advertising,"Wander.com, Inc.",wander.com,us,https://www.linkedin.com/in/kyletibbitts
Jodi,Alcock,,Chief Marketing Officer,C-Level,Management; Marketing and Advertising,Reba Management,eliteresortgroup.com,us,https://www.linkedin.com/in/jodidemingalcock
J√©ssica,Ruiz Cepri√°,,Chief Marketing Officer,C-Level,Management; Marketing and Advertising,Wellington Hotel & Spa Madrid,hotel-wellington.com,es,https://www.linkedin.com/in/j√©ssica-ruiz-cepri√°-126953137
Jasmine,Ezz,,Chief Marketing Officer,C-Level,Management; Marketing and Advertising,Trivago Egypt,trivago.com,de,https://www.linkedin.com/in/jasmine-ezz-a8463187
Miriam,Soriano,,Chief Marketing Officer,C-Level,Management; Marketing and Advertising,Yuvod,yuvod.com,es,https://www.linkedin.com/in/miriamsorianonavasquillo
Antoni,Homar,,Chief Commercial & Marketing Officer,C-Level,Management; Marketing and Advertising,Zafiro Hotels,zafirohotels.com,es,https://www.linkedin.com/in/antoni-homar
Huntley,Fulton,,Chief Marketing Officer,C-Level,Management; Marketing and Advertising,Ponte Vedra Inn & Club,gatehospitality.com,us,https://www.linkedin.com/in/huntley-fulton-65a78b143
Tim,Bendix D√ºysen,,CMO,C-Level,Management; Marketing and Advertising,Living Hotels,derag.de/en,de,https://www.linkedin.com/in/tim-bendix-d√ºysen-7032021
üë©‚Äçüíª,Mariya Sharan,,CMO,C-Level,Management; Marketing and Advertising,,nordikrooms.com,es,https://www.linkedin.com/in/mariyasharan
Julian,R.,,Co-Founder / Digital Marketing,Founder,Founder/Owner; Marketing and Advertising,,surfsouthsrilanka.com,gb,https://www.linkedin.com/in/julianrunnette
Gabriela,N.,,Chief Marketing Officer,C-Level,Management; Marketing and Advertising,Hotel Alpin,hotelalpin.ro,ro,https://www.linkedin.com/in/gabriela-nicoara
Rose,Pilato,,Chief Marketing Officer,C-Level,Management; Marketing and Advertising,The Maker,shop.themaker.com,us,https://www.linkedin.com/in/rose-pilato-3a624523
Fernando,Parada Villar,,Chief Marketing Officer,C-Level,Management; Marketing and Advertising,,dotfranchiseplatform.com,ar,https://www.linkedin.com/in/fernando-parada-villar
Susan,Schramm,,Chief Marketing Officer,C-Level,Management; Marketing and Advertising,,motel-one.com,de,https://www.linkedin.com/in/susan-schramm
John,W.,,Chief Marketing Officer,C-Level,Management; Marketing and Advertising,Margaritaville Enterprises Llc,margaritaville.com,us,https://www.linkedin.com/in/johnhaskellwalker
Tamara,Baldanza - Dekker,,Chief Marketing Officer,C-Level,Management; Marketing and Advertising,Margaritaville Enterprises Llc,margaritaville.com,us,https://www.linkedin.com/in/tamara-baldanza-dekker-7897649
